File Name,Area,Perimeter,Hu Moment 1,Hu Moment 2,Hu Moment 3,Hu Moment 4,Hu Moment 5,Hu Moment 6,Hu Moment 7,Label
0001.jpg,134729.5,1565.4974738359451,0.1801532560611248,0.004145250846306992,0.0003356512429217123,9.552676245730572e-06,5.407070807777797e-10,6.087237240557389e-07,1.5116860014374116e-11,0
0002.jpg,130779.5,1508.1736608743668,0.17086699402677397,0.0014130456221797501,9.6136005499369e-05,1.5055675223395194e-06,-1.810092669182289e-11,-5.657040918628485e-08,-6.646529347462561e-13,0
0003.jpg,107648.5,1403.7615364789963,0.17952089244914143,0.004758343893621086,0.0002525500303719786,1.0837573788444226e-05,2.499855165696236e-10,5.273230178334625e-07,-5.08900376552023e-10,2
0004.jpg,100999.5,1459.452878832817,0.19361102450310053,0.007147897174898607,0.0010608367705330782,0.00013766198741750236,5.255116083155219e-08,1.0091773296321697e-05,-2.427935652955649e-09,2
0005.jpg,146799.5,1550.9533175230026,0.17397009048776452,0.00274462973229003,8.673996236369155e-06,1.943016119578821e-07,1.7717487518658207e-13,-7.033879681039258e-09,-1.7954689688054197e-13,0
0006.jpg,131862.0,1554.558436870575,0.16977967962152135,0.00150108629250068,1.265156088927339e-05,5.8951004355989906e-08,5.075625847346955e-14,-1.903175947145112e-09,-3.962222492161162e-15,0
0007.jpg,136897.5,1572.315795660019,0.17944961462367243,0.003959738950639075,0.0002902830306017349,5.9742200908911e-06,2.482449601381359e-10,3.7475706189638626e-07,-1.6456829708534943e-11,0
0008.jpg,105226.5,1469.9137754440308,0.1889398242141997,0.006861321413129449,0.00029388518357741414,1.3153024030765304e-05,7.971272281900346e-10,1.0546520738469888e-06,-1.825484009256131e-10,2
0009.jpg,112773.0,1348.0285626649857,0.16980951057732963,0.0019808730303864566,0.00042559680551079054,8.126910852132305e-06,3.0512973674107505e-10,2.419536395555389e-07,-3.6788212999075404e-10,2
0010.jpg,128220.0,1535.7056245803833,0.1750953285804004,0.002564555933887955,0.0002106262917302443,1.2717379128920635e-06,-8.614298246153408e-12,-6.328129550521282e-08,1.8947580658158884e-11,0
0011.jpg,140526.5,1524.007140159607,0.1723789248288671,0.0018964319767455647,6.69164389856599e-05,2.021307035890773e-06,-1.8636359964173947e-11,-5.3144160690584904e-08,1.4328643143968662e-11,0
0012.jpg,135455.5,1484.1736624240875,0.17135339784158232,0.0020621456815795775,6.537258319658184e-05,2.2427736821423197e-07,7.036556408694278e-13,1.0440024273067158e-09,4.922923075080954e-13,0
0013.jpg,125420.0,1511.847759962082,0.17567539830382034,0.0025796191994744595,8.172763001692303e-05,4.269118984678261e-06,-2.515128786685617e-11,4.65103023920846e-09,-7.567256719835315e-11,0
0014.jpg,137219.5,1516.1492756605148,0.17087000416891923,0.0016488337768180198,3.842551353681951e-06,6.84411214663389e-08,-1.8691932960339232e-14,1.5659827190429168e-09,2.970688633087331e-14,0
0015.jpg,89754.5,1532.8355666399002,0.20620470102159205,0.000540136844493626,0.004646377680262822,9.375622392998061e-05,5.881819445415934e-08,8.014921342138848e-07,-1.9227058834821216e-08,2
0016.jpg,115368.0,1510.7005722522736,0.17168972146839614,0.0016898566615302394,0.0003900794913153187,5.684441946688536e-06,-3.8351888797749184e-11,-9.624232578628053e-08,2.6491357738027603e-10,2
0017.jpg,108930.5,1554.531087398529,0.18531715765761078,0.004478473229130807,0.00043996351974235004,7.232929777216971e-06,-2.132074420281145e-10,-4.0879787983632554e-07,3.478815452221701e-10,2
0019.jpg,119750.5,1473.2274836301804,0.1811703351684827,0.004810506744536194,0.00030830330805455924,7.276725700679422e-06,3.1479728209156854e-10,4.600279191522944e-07,1.4033673282883578e-10,2
0020.jpg,123997.5,1560.8111820220947,0.19475390219786742,0.0076439243900049995,0.00023938181562337745,1.8895287284736057e-05,2.315332824538546e-10,-1.2660617432033776e-06,1.2495257999090693e-09,0
0021.jpg,109086.0,1344.513845205307,0.1742734545512163,0.00431770327785845,0.00014056308209831484,7.580738056776149e-06,2.473748869562553e-10,4.977162636093877e-07,6.44314794582094e-12,2
0022.jpg,76818.0,1379.1757488250732,0.21119964352912857,0.007579087624407175,0.005362564680538992,0.000361178631694684,5.022554300037049e-07,3.139800391223748e-05,-2.0019017042321036e-08,2
0023.jpg,137162.5,1572.6589422225952,0.17949383850148487,0.003968847655339323,0.00029327023646787993,5.977917323754433e-06,2.496861852660298e-10,3.753545831929327e-07,-1.750206599129817e-11,0
0024.jpg,113319.0,1487.3868639469147,0.17587352023923536,0.0028317663579512124,0.000411422686329486,1.2468793857486271e-05,5.524071765912209e-10,3.5586114211787324e-07,-7.017143407930236e-10,2
0025.jpg,103675.5,1412.9574879407883,0.18450756953868153,0.005796415530439761,0.0003439186017045724,6.039745421153008e-06,-2.431445112417154e-10,-3.957709781763849e-07,-1.2904742491449792e-10,2
0026.jpg,114901.5,1438.482316851616,0.18171703822116683,0.004645253731345583,0.0005767034210562935,1.3599406668164409e-05,-1.0755332483690915e-09,-9.255237794053028e-07,5.419506008452121e-10,2
0028.jpg,133947.0,1512.8183218240738,0.17239925404254436,0.0019635845672667613,9.063382972094145e-05,2.926642681631099e-06,-3.197565868984304e-11,-6.369392528259484e-08,-3.5348419282958103e-11,0
0029.jpg,151553.0,1544.1665190458298,0.17281209225320965,0.002400201600380292,2.878116833472188e-06,2.5479795482654404e-07,-2.1809871512816668e-13,-1.2482465749680264e-08,6.53734181297115e-15,0
0030.jpg,150381.5,1572.0416301488876,0.1744973015347399,0.0026790571227062344,2.2123825322330314e-06,7.842324022351256e-09,-9.734279588152876e-16,-1.7952444680698708e-10,3.4570519313138083e-16,0
0031.jpg,106133.0,1476.9503531455994,0.18012331483926303,0.005419899239763416,4.4034032935127e-05,1.7909622050143548e-06,3.41269447632e-12,-2.512305502659524e-09,-1.553419173021589e-11,2
0032.jpg,152275.5,1577.5563489198685,0.17408600398810364,0.002499571607441316,1.3035700728997623e-07,1.0272344437752702e-09,6.472250588440682e-18,3.339046086125939e-11,9.970470290771702e-18,0
0033.jpg,144933.5,1558.811182141304,0.1760340599520319,0.0032110180267386668,6.474891864344387e-07,3.145960899032382e-08,-4.1671300534251515e-15,-1.727559768727328e-09,1.6718605800748534e-15,0
0034.jpg,139872.0,1537.4802289009094,0.17211760715512395,0.0026506733688413183,2.3541221915765434e-05,1.774588603129793e-07,-3.611730600017318e-13,-7.525817161085065e-09,-3.3368782505444607e-14,0
0035.jpg,123544.5,1536.5512965917587,0.17156251299423278,0.00046753373615097184,6.11936087910706e-05,8.143841567567667e-06,1.6233451332596175e-10,1.0950572195422404e-07,-8.184877477120108e-11,0
0036.jpg,100567.5,1393.9625467061996,0.18759041697317877,0.006384972064550416,0.0007850873626203345,1.6762790467252946e-05,-7.323376553615162e-10,-5.596296081056041e-07,-1.7780879218483661e-09,2
0037.jpg,151865.0,1576.9705624580383,0.17381461145803662,0.002423288353213856,3.3258208218526984e-07,9.823210399087053e-09,-3.1211531467529365e-16,-4.707972990170748e-10,-4.667301147442897e-16,0
0038.jpg,111236.5,1437.168608546257,0.17642754936752647,0.002042211569269098,0.0007237588649848282,1.2352097994461976e-05,-1.070035593081443e-09,-3.2287809631077095e-07,-4.680055599688543e-10,2
0039.jpg,149503.0,1569.9411249160767,0.17432611045039992,0.002598740970205981,2.7718297828201554e-06,2.7625308415987383e-08,-7.123101436862005e-15,-1.2667756415221623e-09,2.7746049642925535e-15,0
0040.jpg,100055.0,1435.068103313446,0.20944714478589382,0.01223366803171046,0.0020017881477438406,9.6936392119925e-05,1.9966347872109347e-08,5.271797660528719e-06,3.774561131240502e-08,2
0041.jpg,108954.0,1536.0487704277039,0.20258771062056724,0.009247608171443546,0.0005086832531850732,2.69895420349786e-05,-1.9025886953443324e-09,-2.5799872147156444e-06,2.5260520284028413e-09,2
0042.jpg,102385.0,1360.4305820465088,0.1769514285496439,0.0013101782322666664,0.0014088106859301904,1.838516908356344e-05,-2.9569391478726772e-09,-5.571329473588001e-07,1.0722970138454665e-10,2
0044.jpg,104210.0,1392.004175901413,0.18226101983593165,0.005331960284441752,0.0007652006645403652,3.563556276938439e-05,5.6684149999759065e-09,2.4291867944770707e-06,-1.5801820449953998e-09,2
0045.jpg,99414.0,1439.4112491607666,0.2117520919228101,0.012885498164084705,0.002124603492679174,0.00010652540867065697,2.185329577307498e-08,5.565280372575773e-06,4.5724006521240705e-08,2
0046.jpg,115446.0,1571.61225938797,0.18541512976926564,0.0061185255547793905,0.0003981916595412908,3.5556725786773166e-05,3.5089371905709872e-09,1.8143606508308516e-06,2.3637981695845183e-09,2
0047.jpg,129164.0,1538.735062122345,0.17409428247443304,0.0020143286372483063,0.00010949164023131263,9.168843371454434e-06,-1.0847807462484161e-10,-1.535740890594672e-07,2.694977618725611e-10,0
0048.jpg,91984.0,1286.2783470153809,0.18351353812951338,0.00425230899461026,0.001152597438953266,1.900591882057456e-05,1.4594589398725878e-09,2.634311498957815e-07,2.404794374430256e-09,2
0050.jpg,148460.0,1566.0832602977753,0.17313260107765102,0.0021850204417327443,6.2147972371076674e-06,2.2347810066158533e-07,-2.5211378376268817e-13,-1.0423819209574356e-08,-7.61727022697122e-14,0
0051.jpg,132097.0,1460.156415939331,0.17101914054467132,0.0019388092591722324,0.00021892904447884458,1.7282753961242141e-06,-3.088656747651493e-11,-2.3599328077099583e-08,-1.3273504153380564e-11,0
0052.jpg,108351.0,1461.47012424469,0.17625531112472453,0.002450888901029648,0.0004907886438175423,7.143661260691526e-06,1.0628661128546723e-10,1.4137160089001673e-07,-4.0941715178500173e-10,2
0053.jpg,112180.5,1346.2711981534958,0.16959370084091818,0.00195000591128017,0.00040442675521511315,7.686418117910568e-06,2.762814165983142e-10,2.238390616999431e-07,-3.2760867367541057e-10,2
0056.jpg,127321.0,1499.1614680290222,0.18701420266121388,0.006648355824606869,0.00035539481504143954,4.661692383308815e-06,1.074013307993263e-10,2.3732107025610436e-07,-1.5642321475440963e-10,0
0057.jpg,145334.5,1552.9533175230026,0.1732033137301346,0.002353152517862139,1.2403232596198864e-05,9.428288686007372e-08,1.3903824857180862e-14,-3.978768397597459e-09,-1.0100445191756187e-13,0
0059.jpg,147924.5,1565.012192606926,0.17408736827888244,0.002522692495028202,2.744632456447723e-06,9.444206451987544e-08,-4.721180713176337e-14,-4.690200515328377e-09,-9.11080901953386e-15,0
0060.jpg,129649.0,1487.1858534812927,0.17290913369377078,0.0023582373976800326,9.897994507408868e-05,2.342059703164059e-06,-2.709512790546887e-11,-5.4850675371910414e-08,2.3182459897459382e-11,0
0062.jpg,145116.5,1555.2964633703232,0.17379848827857072,0.002411001251379193,6.455887875321892e-06,2.495738047171799e-07,-3.00316823270603e-13,-1.2154118700018175e-08,-1.0083666139010783e-13,0
0065.jpg,108172.5,1403.761534333229,0.17950929627769133,0.0047541936788712425,0.0002528588368358564,1.0999136833638136e-05,2.677430395785371e-10,5.451628576806065e-07,-5.145770639055652e-10,2
0066.jpg,133836.5,1569.0121927261353,0.1828178489681015,0.004493119882187831,0.00042882021992523607,1.1695351027495663e-05,7.413788808247945e-10,6.998404016571532e-07,3.69246555075594e-10,0
0067.jpg,148264.0,1556.024385213852,0.1735606554822875,0.0025318423853574797,9.996715320873784e-07,1.0959072752305058e-08,-7.204667181736327e-16,5.243911408454634e-10,-8.925771651967969e-16,0
0068.jpg,97667.5,1432.967598080635,0.2131094239722871,0.013179953598040913,0.002257123547496786,0.00011727763246607622,2.474632313350082e-08,5.992426106246695e-06,5.503138822425073e-08,2
0069.jpg,108047.0,1520.0487704277039,0.19830034807098967,0.008324302591017756,0.0004255977135921881,1.500543802595582e-05,-7.640739248017966e-10,-1.3155927774228159e-06,9.24200256949932e-10,2
0072.jpg,136418.0,1538.4507913589478,0.1805173423045007,0.004572898195111259,0.00012455825260871184,8.191809537594717e-07,1.0778984080138934e-12,2.2220813468644623e-08,-8.2042661139138e-12,0
0074.jpg,151266.5,1534.2081515789032,0.1725514744515772,0.002413067465805999,7.3182658187728966e-06,5.714802263411548e-07,-1.1679626123328133e-12,-2.804951831296732e-08,-4.172534064231406e-14,0
0075.jpg,148560.5,1568.1837655305862,0.17454003308534966,0.0026738184176176537,2.0883635473246967e-06,3.674702200878125e-08,-8.158520239168507e-15,-1.8872420401140097e-09,6.088140805397321e-15,0
0076.jpg,134466.0,1587.622364282608,0.1755188465432383,0.002762904525952386,0.00024170903835070258,6.6266858492269754e-06,1.7916827445742383e-10,2.86030519726792e-07,1.9553883869913837e-10,0
0077.jpg,142920.0,1533.2792184352875,0.17257613734941246,0.0027905609981118814,2.507871878791847e-06,5.363508419644044e-08,1.9513374449371395e-14,1.087338684033537e-09,2.485135089586402e-15,0
0079.jpg,123369.5,1478.3990565538406,0.1736645312532505,0.002662524615397678,0.00039400767288769097,2.300787621456823e-06,6.88464066774269e-11,1.0804773628396296e-07,7.680511046380321e-12,0
0081.jpg,130236.0,1507.9898953437805,0.17324744102298406,0.002189289997117535,6.563309953847158e-05,1.3818032670693925e-06,-5.47469459339754e-12,-2.3749181796163697e-08,1.1966340056682584e-11,0
0087.jpg,72171.0,1621.2590090036392,0.24692675770757744,0.024083098694330132,0.0007904928292288449,0.00011005272110473704,2.495688900926e-08,7.025039982841823e-06,-2.075604004033106e-08,2
0088.jpg,100046.5,1375.5605181455612,0.1922628215374435,0.0049463204746497255,0.0026568589298679246,0.00013579600374313906,7.48918686884061e-08,7.394517009601225e-06,-3.231703772210533e-08,2
0092.jpg,76768.5,1379.7615352869034,0.21292148947828582,0.008278420085975041,0.005429131150510761,0.0003745040098250784,5.046111733581978e-07,3.0753707863699956e-05,1.747423258267312e-07,2
0095.jpg,150266.5,1572.8700572252274,0.17413836553512838,0.0025440806234555604,1.538909190314047e-06,1.91754353046815e-08,-1.5233063337972934e-15,-9.663580246465653e-10,2.920618300692582e-15,0
0097.jpg,124289.5,1485.6883796453476,0.17580728113730915,0.0025778527346205175,0.0003148528141646863,9.972735981245127e-06,1.0686061254443239e-10,2.831962327554301e-07,5.485119802854245e-10,0
0099.jpg,84823.5,1377.418388724327,0.1937374105804281,0.005775853255961599,0.0019966759731305244,3.764553835412066e-05,-5.423330045728475e-09,-2.599885758953848e-06,-8.781324144549597e-09,2
0102.jpg,127560.5,1409.5361391305923,0.1681603831743277,0.0020163414417089433,6.229562632708275e-05,2.3175647474397043e-06,-1.4061846649097545e-11,-1.6835502837186394e-08,-2.403566871221352e-11,0
0104.jpg,72295.5,1587.4385987520218,0.2631976320031527,0.02797077079100266,0.0008768143095860438,7.980108037933789e-05,3.622773292150148e-09,-1.2290025591281931e-05,-2.079576834507558e-08,2
0105.jpg,144939.5,1556.811182141304,0.175307652636765,0.002944037651327217,4.4798410161259585e-06,8.928065819227807e-08,-5.645962002155756e-14,-4.018199075996455e-09,-6.572528030164839e-16,0
0109.jpg,152795.0,1572.6274164915085,0.17374526054543177,0.002417455647717059,3.0004770246126105e-08,2.1395692083912866e-09,1.694158759752176e-17,1.8451764827006383e-11,-2.6195668438047544e-18,0
0111.jpg,130498.5,1542.409162402153,0.17906531805790443,0.0029460077785578268,0.000245518384521951,1.949357788444033e-05,1.076039380433575e-09,4.499381566345734e-07,-8.129140796284879e-10,0
0112.jpg,105898.5,1354.756484746933,0.18662421785643085,0.0054983827618718725,0.001476710253099792,0.0001054884436190453,4.047870725710233e-08,7.746382974125601e-06,9.742626540367143e-09,2
0113.jpg,144525.5,1525.1787122488022,0.1715602006008513,0.0020034586703068743,4.871326065300751e-06,2.4519521568954956e-08,-1.6951166305742458e-15,-8.924945655998644e-10,-8.3027880929142e-15,0
0114.jpg,149740.5,1569.698484301567,0.17343740331378354,0.002291690959273358,2.797548276666341e-06,1.1554666856884341e-07,-6.307060539326375e-14,-5.455057956296324e-09,-1.8378930771474e-14,0
0115.jpg,147645.5,1528.3502856492996,0.173320648026618,0.0024820304738579213,7.963782621255844e-08,8.026950548379556e-10,-1.6967971812003492e-18,3.832077140054919e-12,-6.189420207313036e-18,0
0116.jpg,94395.0,1418.4793518781662,0.19198148333084683,0.007596703688264128,0.0002810143010893619,5.9782237823819524e-06,5.220284538116417e-11,4.5417365931424185e-07,-2.3940645234763837e-10,2
0118.jpg,136802.5,1571.4873695373535,0.17945124088329273,0.003950606792384537,0.0002880167836535375,5.994831138710863e-06,2.4889471660977254e-10,3.74526515236776e-07,-1.0119394843304714e-11,0
0119.jpg,147553.0,1564.4264061450958,0.1750702420904591,0.002854530861237822,3.316753368593891e-06,1.2266273606229428e-08,-1.1533609214142703e-15,5.462336132370082e-11,2.1888726998890778e-15,0
0121.jpg,107420.5,1576.6934319734573,0.19154686877203542,0.004590689990004458,0.0018111700957080625,0.00017291629184381006,9.6443382039441e-08,1.1314408246071033e-05,-7.924282921452616e-09,2
0122.jpg,98796.5,1378.2468222379684,0.19307720477611667,0.006702775026885934,0.001791693799631446,6.495257104700592e-05,2.0597062135292244e-08,4.4332554203547595e-06,8.168759310308118e-09,2
0126.jpg,134491.5,1531.8650048971176,0.1822966409742076,0.00512692371564117,0.00017375919526167743,1.4466970223596066e-06,7.997703981299244e-12,5.482896682271537e-08,-2.1497711037537644e-11,0
0129.jpg,123338.5,1429.9381573200226,0.17151835585338138,0.002781072411082764,5.9991751326095253e-05,1.0176462973576177e-06,-5.015486702169686e-12,-5.366155077574251e-08,-6.1700011170793615e-12,0
0131.jpg,120122.5,1370.8742331266403,0.16734677000995357,0.00203563001261855,6.551305387420605e-05,1.19507737042457e-06,2.67207554591463e-12,1.54013643153285e-08,-1.0231280066656458e-11,2
0134.jpg,107411.5,1518.7766922712326,0.19893752240403298,0.008573648233633487,0.0004260470566367461,1.514005875619304e-05,-8.163758417216809e-10,-1.3365794230223964e-06,9.011630844605207e-10,2
0140.jpg,150515.0,1575.112697839737,0.17410509491089182,0.002531366212999924,4.783723675692722e-07,1.3516513762532867e-08,-1.0486603109286328e-15,-6.572625652245545e-10,-2.856771390941383e-16,0
0142.jpg,112426.0,1476.4995617866516,0.1785216653247729,0.004485045004969856,0.00015056376875826689,3.0122448325477344e-06,1.08041127430068e-11,6.143752095574755e-08,-6.323349045144817e-11,2
0144.jpg,75637.5,1579.9827550649643,0.19764908092899963,0.003651742945001602,0.0005121896315377841,4.945103825071797e-05,6.999950610822908e-09,-2.3857114842879912e-06,3.5970362421219143e-09,2
0146.jpg,150421.5,1573.698484301567,0.17393188867113626,0.0024769552769859926,1.3832489295778063e-08,2.0819894891538979e-10,-3.2271772859660264e-19,-7.04252158827415e-12,-1.4383374270538558e-19,0
0148.jpg,138229.5,1524.0071402788162,0.1775344409805659,0.003917669470810033,0.00011343559070094095,2.0638054926109522e-06,1.4612572902238048e-11,9.205696853187198e-08,2.799306241738323e-11,0
0152.jpg,126994.0,1506.1909058094025,0.18230299238106615,0.004907088049582278,0.00029202359517018194,2.6254515525493264e-06,5.7292396390183153e-11,1.632331418772261e-07,4.474816767490363e-11,0
0165.jpg,108514.0,1361.2590054273605,0.17851356330561252,0.004348988525377787,0.00043389777091441324,1.5570578180862804e-05,6.136435785038346e-10,3.495985359463449e-07,1.1231185686001566e-09,2
0166.jpg,140685.0,1577.4558436870575,0.17423348890211338,0.001982046324708187,0.00016839141321661126,7.1025569978368365e-06,1.469422275883954e-10,1.5224639805893188e-07,-1.9683053721883872e-10,0
0171.jpg,108801.5,1425.1097334623337,0.18642131066311404,0.005832301139785123,0.0008753057757320108,2.3503390832313983e-05,3.3306567691672393e-09,1.782312442051577e-06,-5.20818969325574e-10,2
0177.jpg,121814.0,1488.6173119544983,0.18398010142911003,0.006323267476260197,7.923702339113276e-07,1.408705511870653e-07,4.641273427972899e-14,-6.3894690212394e-09,-7.806082611349189e-15,0
0180.jpg,100922.0,1465.813269853592,0.19102474910507994,0.007056455052628919,0.00028005032831480807,1.5950496339009194e-05,9.032743386452242e-10,1.3398039350482316e-06,-5.661866665841172e-10,2
0181.jpg,152961.5,1572.0416300296783,0.17377593895001378,0.002454175242208676,1.219910470454498e-08,1.0703860814005743e-09,-1.9777698576359303e-18,-2.0254601286239345e-11,3.3240091704869017e-18,0
0188.jpg,116046.0,1465.1858541965485,0.18429760990326924,0.0052079660231005775,0.0003893157822745793,5.761295341059118e-06,-2.667805066994876e-10,-3.6718050621749717e-07,-5.7251822632306245e-11,2
0197.jpg,99927.5,1432.967598080635,0.20848417318495918,0.011831457461190808,0.0019895519735806592,9.475603779573373e-05,2.1675206038913137e-08,5.71544100376582e-06,3.496955453188002e-08,2
0198.jpg,149117.0,1569.112697839737,0.17474278725689424,0.002753005339273727,4.367242221221254e-06,1.3796457367924553e-08,-3.3838797428249714e-15,-4.5436812639435703e-10,1.3396998906404857e-16,0
0203.jpg,128843.0,1502.073155283928,0.1751358131988259,0.0030508800794893107,7.669389336298704e-06,3.704371173780987e-07,6.046341458360646e-13,1.831462659133043e-08,1.5579985639025065e-13,0
0204.jpg,125252.5,1498.0214179754257,0.18441059513630687,0.005752021526059306,1.5739009124676342e-05,4.9288424818152374e-06,-5.2597761764118025e-12,-1.1999851014656342e-07,-4.309181423431466e-11,0
0209.jpg,132870.0,1586.5929267406464,0.1762480123005306,0.0030290744713083457,0.0002421719890609547,7.305984895140767e-06,2.1607181248341432e-10,3.3294772902520886e-07,2.1852664357907996e-10,0
0211.jpg,135584.0,1532.7939372062683,0.1792749076147516,0.004128629213834269,0.00012104224007705276,6.344193860403007e-07,3.048339425211844e-12,3.0330061011962194e-08,-4.649225558148928e-12,0
0212.jpg,108295.0,1531.2203433513641,0.20327066646213318,0.009534548052792075,0.0005096717828981835,2.7033946107254406e-05,-2.0123835657006593e-09,-2.616412670657454e-06,2.4535826422684695e-09,2
0218.jpg,104829.5,1392.2712044715881,0.17970961555130813,0.0011791658175570622,0.002030061501731116,2.353342262184591e-05,-5.028402337731153e-09,-7.394087743099195e-07,1.083339624911954e-09,2
0224.jpg,91502.5,1535.8650047779083,0.20389157553711948,0.0006192710681365319,0.004277671069212173,8.141086283529522e-05,4.63700203803225e-08,8.630445842904258e-07,-1.2566636442341532e-08,2
0226.jpg,128101.0,1526.0487704277039,0.17557735612503583,0.0026370617403760187,7.762803573019334e-05,4.906761435619199e-06,-2.989197490218913e-11,-2.4813216566454727e-08,-9.097906183877652e-11,0
0227.jpg,149997.5,1570.8700572252274,0.17412395400195768,0.0025317368805888997,2.43841188511377e-07,9.973360870650104e-09,-4.1073709463276683e-16,-4.792683408253681e-10,2.705414924059224e-16,0
0232.jpg,133496.0,1498.8183224201202,0.17810600203051508,0.0039923166630024985,0.000372470093574412,5.967128514753656e-06,1.2696273924443418e-10,2.9546463762578753e-07,2.510356957652239e-10,0
0233.jpg,141320.5,1539.5807341337204,0.17208759383028893,0.0017521156993510326,4.746630763162664e-05,1.6507268094639766e-06,-1.0042530227471848e-11,-3.8759240988991706e-08,-1.0613862077695006e-11,0
0236.jpg,145312.0,1554.710676908493,0.17227951590339008,0.0018755484958411484,2.4224455380443027e-05,8.716180025154043e-07,-3.930673664758288e-12,-3.5653974941258104e-08,7.686659315156835e-13,0
0238.jpg,99275.0,1435.8965303897858,0.21072532276106007,0.012450061812650497,0.002110871409680863,0.00010404120727119092,2.3980939898045406e-08,6.090463296312854e-06,4.24521063077498e-08,2
0239.jpg,96694.5,1338.8397512435913,0.1892423812420175,0.003512530670562597,0.0026669249666769574,0.00010217020766151628,5.234271210462298e-08,6.0022177969719005e-06,1.0227137985129427e-08,2
0248.jpg,82074.5,1577.6396092176437,0.2638751799004692,0.029031415522310852,0.0016662780556940095,0.00025246860039208636,9.417294928131671e-08,-3.070407453378226e-05,1.3396249015493773e-07,2
0249.jpg,146164.5,1562.3259009122849,0.17589670135879104,0.0031507537613288134,1.7035904302964042e-06,1.1873947012688988e-08,-9.56696186454975e-16,-1.510440206137848e-11,1.3916676723384924e-15,0
0251.jpg,107397.0,1464.8082171678543,0.18199171448404491,0.003515234277723297,0.0011035757572624568,2.5546540462597367e-05,4.067880135640392e-09,1.2948452263322368e-06,-1.3607093646021482e-09,2
0252.jpg,147720.0,1564.4264061450958,0.1750761246265082,0.0028689720537449295,2.6716873902162013e-06,2.3997054162831957e-08,-5.8049281588320044e-15,-1.11412568604405e-09,1.7951649637817862e-15,0
0253.jpg,82436.0,1470.23967730999,0.21757826545689124,0.01330372836300793,0.0023772974699468566,0.00018022297712254253,-9.927647377286333e-08,-2.078712878163093e-05,6.371945162209882e-08,2
0262.jpg,121219.5,1476.8010771274567,0.18304303674250655,0.00532352405329235,0.000278007290479785,2.9409899401413798e-06,-8.388673601001881e-11,-1.8308662201213789e-07,5.909887835050785e-12,2
0264.jpg,102856.5,1531.5218588113785,0.22360382369304538,0.012347265456142367,0.003046155988152214,0.000254950808771465,-1.871764554993567e-08,-6.009821827351634e-06,2.2389702830312988e-07,2
0274.jpg,146617.0,1560.911687374115,0.17465964238761716,0.002730454239036305,5.233003111346096e-07,2.0832376409012217e-08,-2.1745673583839926e-15,-1.0871249959173874e-09,4.913878090692462e-17,0
0275.jpg,149336.0,1569.9411249160767,0.17470689350457824,0.0027307824712459487,2.1046277490831774e-08,3.75533603279404e-10,-1.5432507205590636e-19,-1.6842899437784825e-11,1.0444092185419821e-18,0
0287.jpg,150229.0,1572.2842707633972,0.17405480336322582,0.0025099548715426375,5.718685435517837e-07,2.3941987461209486e-08,-2.7809999023319474e-15,-1.1871969003028193e-09,3.3817363153852535e-16,0
0310.jpg,144030.5,1515.4629802703857,0.1725417886022232,0.0024804250978790955,0.00011764676789664977,3.0168017870177677e-06,-5.607779245372781e-11,-1.0253612491719463e-07,9.241950024107135e-12,0
0315.jpg,134260.5,1558.5756818056107,0.171028567041864,0.0019266572802392,1.2650203860271894e-05,5.4523020746401824e-08,3.212615738017199e-14,-2.3378807214788336e-09,-3.191087084685726e-14,0
0318.jpg,93746.5,1328.6975988149643,0.1902222447843086,0.004664671190417681,0.0022016707427910246,5.4469213445422195e-05,1.86070977736694e-08,3.5949992618079623e-06,-3.0944626240742336e-09,2
0337.jpg,267.0,3100.802292943001,93.38724983453292,742.289427018892,884832.1144190556,320383.13328393066,170353953586.91916,358606.138468008,8830482133.18798,1
0347.jpg,146491.0,1561.7401144504547,0.17444359656060904,0.002658374255827201,6.028450729270085e-06,9.22302018191269e-09,2.7343494657450305e-16,2.684240923846692e-10,-2.1575082450573953e-15,0
0352.jpg,149197.0,1569.112697839737,0.17442605850859177,0.0026439444248522103,1.972893159212318e-06,1.965261470890304e-08,-3.833778818587175e-15,-8.017978686224636e-10,-5.263673390934026e-16,0
0358.jpg,148893.5,1567.3553384542465,0.17420365174550306,0.0025648985085297196,1.52134782613591e-06,4.952551330197269e-09,-4.099708301239235e-16,-1.9100455044753812e-10,-1.293432112378317e-16,0
0382.jpg,140115.0,1519.0782078504562,0.1717102683311993,0.0017929526711534798,9.276748808393198e-05,3.0267808222777244e-06,-3.856686799101907e-11,-6.59233189940188e-08,3.293930750555826e-11,0
0396.jpg,148417.5,1567.012192606926,0.17403836511321072,0.0025002629083879383,4.67013561073524e-06,8.657569243919451e-08,-4.8279802409779926e-14,-4.195101253081828e-09,-2.6449621606838e-14,0
0403.jpg,146487.5,1548.2670258283615,0.17252415974486823,0.002250433559064357,8.341338557946869e-06,2.070872908956153e-07,2.21974131489432e-13,-5.6966217947217e-09,-1.5750127531550934e-13,0
0413.jpg,137660.5,1516.9777027368546,0.17275463999930768,0.0019996715565208266,0.00012723653415043487,5.106016729656012e-06,-1.3451950867239421e-11,-1.1467624520039087e-08,-1.2944846351910746e-10,0
0424.jpg,136619.5,1527.521859049797,0.17433643692701506,0.0024745984557626275,7.475285108753295e-05,1.6083323046844414e-06,-1.7493550546217418e-11,-7.094909469658207e-08,2.229778906390001e-12,0
0429.jpg,141450.0,1559.1370830535889,0.17734027938067626,0.0035130947933821113,0.00012118518218776379,1.6944943906907312e-06,2.289886780654563e-11,9.86360360095037e-08,8.078289303097505e-12,0
0433.jpg,86620.5,1389.8447922468185,0.2043257735977989,0.008763054814576012,0.0032467791020325963,0.00017642088248472223,7.016258140896416e-08,6.816372386804919e-06,1.1360112561891626e-07,2
0445.jpg,119034.0,1461.327988743782,0.1822290241843631,0.004899091936947883,0.0003449442829167144,3.3971862573933798e-06,-1.0998158640342624e-10,-1.7198507384066624e-07,3.779032585619409e-11,2
0451.jpg,146657.5,1563.4974738359451,0.17569314830968635,0.0030899188672795343,3.4663640423948514e-07,9.262486400244721e-09,-5.234340144407576e-16,-4.6206869139878666e-10,-3.8416189712742796e-17,0
0459.jpg,121186.5,1493.2030981779099,0.19287014445656936,0.008317041203975509,0.0006090546637060673,1.4009348849696091e-05,5.83566724727789e-10,6.534859883244528e-07,-1.155009160145196e-09,2
0467.jpg,124781.0,1510.534051656723,0.17566961315434118,0.002662949948557941,5.8440880162459113e-05,4.203330600674983e-06,-2.3258801723875963e-11,-2.8124134849540764e-08,-6.163687826545566e-11,0
0496.jpg,109441.5,1537.570629477501,0.17441567314604714,0.0020398810638361984,0.000153497932900939,1.3098115478865674e-05,5.856809271648632e-10,5.848867023442835e-07,4.3660846606968065e-11,2
0500.jpg,97072.5,1387.6193999052048,0.19279186716399352,0.005995817613902937,0.0021910514663558275,0.00010649435346441988,2.449156821055511e-08,4.109845262688601e-06,-4.5237395285295705e-08,2
0503.jpg,98542.0,1368.288446545601,0.18946243662298973,0.005311731267058674,0.0018358125405064573,8.578938562219137e-05,3.387660689565451e-08,6.158534111932043e-06,3.3907406243725794e-09,2
0508.jpg,102371.5,1394.4478307962418,0.18518864164309173,0.005498800122172248,0.0007725727697252013,1.4610630364526081e-05,-2.0229190799351612e-10,-2.0775592155109772e-07,-1.539053350207498e-09,2
0520.jpg,77067.0,1301.5087838172913,0.19620583693424676,0.0016483702686418804,0.004555987001694612,2.9275503991677185e-05,-1.0347961633148954e-08,-1.1802945576128652e-06,2.689365865340173e-09,2
0521.jpg,149132.0,1570.7695519924164,0.1745465243038739,0.002668302104853004,3.4958196150528e-06,4.870234136332271e-09,-6.233097293397635e-16,-1.172674039659057e-10,1.2375355120056812e-16,0
0523.jpg,145383.5,1552.124890446663,0.17326288904048456,0.0023713175335551987,1.2449878602043906e-05,9.275700942337523e-08,8.346788840606433e-15,-4.021064689241188e-09,-9.932868711987112e-14,0
0529.jpg,151218.5,1570.5269113779068,0.17362708948226208,0.0023785931045096245,4.783328973465768e-07,1.4600900218157586e-08,-1.0762203851134136e-15,-6.177128508550813e-10,-5.750322530796463e-16,0
0532.jpg,146745.0,1516.391915678978,0.17327210593158332,0.002805872097210244,3.706039718039528e-05,2.342221331167816e-07,-1.0565283814598394e-13,-1.2396680091125587e-08,6.819401612177999e-13,0
0551.jpg,129757.0,1494.9604560136795,0.18175202923539688,0.005269633385410148,2.28729361920072e-05,8.753707480621052e-07,1.0488984240688774e-12,-9.49528875431632e-09,3.7739075734397554e-12,0
0591.jpg,102433.0,1383.518893957138,0.18095200741365108,0.002702543963351427,0.0013606228108980027,8.345714485433507e-05,2.519869194453889e-08,3.303099700188058e-06,1.2487521803825597e-08,2
0607.jpg,103003.0,1341.3422709703445,0.18064289474368028,0.002678920118900181,0.0016430252313920186,3.4060658526015845e-05,-6.44320326580415e-09,-1.4409694213462181e-06,-4.8382688382048666e-09,2
0619.jpg,104009.5,1377.4427746534348,0.1787806000721155,0.0049725949847266165,0.0003278708430949026,1.0521570501927807e-05,-6.089976734199273e-10,-7.268122896433637e-07,1.0496334243292268e-10,2
0686.jpg,145019.5,1557.9827550649643,0.17618016538275652,0.003245389292537254,6.503256422548059e-06,2.5033193272819947e-08,-3.493493411174882e-15,3.094624634711599e-10,-9.477033750246281e-15,0
0687.jpg,126052.0,1525.64674949646,0.17665767623120093,0.0034705741268012177,0.0004364595856987417,1.7252855841679556e-05,-1.4289139946325652e-09,-1.0044215011265089e-06,-4.4681570396492347e-10,0
0689.jpg,135800.5,1531.3797236680984,0.1794700733900009,0.0042075451258926835,0.00012206917454989831,6.196079398818533e-07,4.849612433761168e-12,3.858177611141517e-08,-2.3491713425562616e-12,0
0710.jpg,149229.0,1567.9411249160767,0.1739440051755194,0.0024692303088734552,2.0362802367404446e-06,1.682215226212431e-08,-2.2112901018607135e-15,-8.153050576190682e-10,-2.191741779448614e-15,0
0763.jpg,131272.0,1501.1614682674408,0.17301166594318135,0.002121026277011517,0.00013507159858253844,4.2530280956418084e-06,-5.2814740011375264e-12,-1.3871814811928545e-07,-1.0179951240722439e-10,0
0816.jpg,98359.5,1539.653890967369,0.1961482057626338,0.005724961620496373,0.0017122901946250663,2.4303335282668417e-05,-4.957731960074985e-09,-1.7584926378615302e-06,2.2467211899171124e-11,2
0850.jpg,141900.5,1525.1787132024765,0.17456992195294535,0.003097999928255558,0.00015183394541294664,2.206016411660181e-06,-3.4450402756212814e-11,-3.6624342712646625e-08,2.105226501048998e-11,0
0959.jpg,147130.5,1567.4974738359451,0.17500271791375283,0.0028103370323848036,3.8077628864242595e-09,2.938941708235167e-09,9.658233363735313e-18,1.411368735991256e-10,-1.8378365078150796e-18,0
0971.jpg,99600.5,1461.9137753248215,0.1941383158615701,0.008257341009439475,0.0002935918692609091,2.1436800273514434e-05,1.4113801016721123e-09,1.930466750539388e-06,-9.487764867066604e-10,2
1013.jpg,99871.0,1356.229565501213,0.19165234908474518,0.0058297365456012554,0.0021076994258696917,0.00010667694879899715,4.8069953147036034e-08,7.349473769783296e-06,-1.5747567266127648e-08,2
1015.jpg,111205.5,1472.6000670194626,0.1838433739207154,0.005290929450078785,0.00016054265603483923,9.919725229201162e-06,-1.1933498828846973e-10,-3.8287212892625835e-07,-3.77447363715253e-10,2
1043.jpg,143473.5,1542.4091612100601,0.17634941340487253,0.003397196281324241,3.4412821738750445e-05,1.9640912616518575e-07,5.249701402593901e-14,5.890161755796109e-09,-5.079199060861635e-13,0
1083.jpg,99533.5,1434.1391710042953,0.20932207690105578,0.01205446999574639,0.002050749981574299,9.854314729729827e-05,2.3837733322484553e-08,6.1136918331201405e-06,3.733875542521713e-08,2
